District	year	k13-Pro441Leu	k13-Pro441Leu	k13-Pro441Leu	k13-Phe446Ile	k13-Phe446Ile	k13-Phe446Ile	k13-Gly449Ala	k13-Gly449Ala	k13-Gly449Ala	k13-Asn458Tyr	k13-Asn458Tyr	k13-Asn458Tyr	k13-Cys469Phe	k13-Cys469Phe	k13-Cys469Phe	k13-Cys469Tyr	k13-Cys469Tyr	k13-Cys469Tyr	k13-Met476Ile	k13-Met476Ile	k13-Met476Ile	k13-Ala481Val	k13-Ala481Val	k13-Ala481Val	k13-Tyr493His	k13-Tyr493His	k13-Tyr493His	k13-Arg515Lys	k13-Arg515Lys	k13-Arg515Lys	k13-Pro527His	k13-Pro527His	k13-Pro527His	k13-Asn537Asp	k13-Asn537Asp	k13-Asn537Asp	k13-Asn537Ile	k13-Asn537Ile	k13-Asn537Ile	k13-Gly538Val	k13-Gly538Val	k13-Gly538Val	k13-Arg539Thr	k13-Arg539Thr	k13-Arg539Thr	k13-Ile543Thr	k13-Ile543Thr	k13-Ile543Thr	k13-Pro553Leu	k13-Pro553Leu	k13-Pro553Leu	k13-Arg561His	k13-Arg561His	k13-Arg561His	k13-Val568Gly	k13-Val568Gly	k13-Val568Gly	k13-Pro574Leu	k13-Pro574Leu	k13-Pro574Leu	k13-Cys580Tyr	k13-Cys580Tyr	k13-Cys580Tyr	k13-Arg622Ile	k13-Arg622Ile	k13-Arg622Ile	k13-Ala675Val	k13-Ala675Val	k13-Ala675Val
Biharamulo	2021	0.0/unk	0.0%	0.0%-0.0%	0.0/unk	0.0%	0.0%-0.0%	0.0/unk	0.0%	0.0%-0.0%	0.0/unk	0.0%	0.0%-0.0%	0.0/unk	0.0%	0.0%-0.0%	0.0/unk	0.0%	0.0%-0.0%	0.0/21.0	0.0%	0.0%-0.0%	0.0/unk	0.0%	0.0%-0.0%	0.0/unk	0.0%	0.0%-0.0%	0.0/unk	0.0%	0.0%-0.0%	0.0/unk	0.0%	0.0%-0.0%	0.0/unk	0.0%	0.0%-0.0%	0.0/unk	0.0%	0.0%-0.0%	0.0/unk	0.0%	0.0%-0.0%	0.0/21.0	0.0%	0.0%-0.0%	0.0/21.0	0.0%	0.0%-0.0%	0.0/unk	0.0%	0.0%-0.0%	0.0/21.0	0.0%	0.0%-0.0%	0.0/unk	0.0%	0.0%-0.0%	0.0/unk	0.0%	0.0%-0.0%	0.0/21.0	0.0%	0.0%-0.0%	0.0/21.0	0.0%	0.0%-0.0%	0.0/21.0	0.0%	0.0%-0.0%
Biharamulo	2023	0.0/61.0	0.0%	0.0%-0.0%	0.0/61.0	0.0%	0.0%-0.0%	0.0/61.0	0.0%	0.0%-0.0%	0.0/61.0	0.0%	0.0%-0.0%	0.0/61.0	0.0%	0.0%-0.0%	0.0/61.0	0.0%	0.0%-0.0%	0.0/71.0	0.0%	0.0%-0.0%	0.0/64.0	0.0%	0.0%-0.0%	0.0/64.0	0.0%	0.0%-0.0%	0.0/64.0	0.0%	0.0%-0.0%	0.0/72.0	0.0%	0.0%-0.0%	0.0/72.0	0.0%	0.0%-0.0%	0.0/72.0	0.0%	0.0%-0.0%	0.0/72.0	0.0%	0.0%-0.0%	0.0/72.0	0.0%	0.0%-0.0%	0.0/72.0	0.0%	0.0%-0.0%	0.0/68.0	0.0%	0.0%-0.0%	0.0/68.0	0.0%	0.0%-0.0%	0.0/68.0	0.0%	0.0%-0.0%	0.0/68.0	0.0%	0.0%-0.0%	0.0/73.0	0.0%	0.0%-0.0%	0.0/67.0	0.0%	0.0%-0.0%	0.0/62.0	0.0%	0.0%-0.0%
Bukoba DC	2021	0.0/unk	0.0%	0.0%-0.0%	0.0/unk	0.0%	0.0%-0.0%	0.0/unk	0.0%	0.0%-0.0%	0.0/unk	0.0%	0.0%-0.0%	0.0/unk	0.0%	0.0%-0.0%	0.0/unk	0.0%	0.0%-0.0%	0.0/40.0	0.0%	0.0%-0.0%	0.0/unk	0.0%	0.0%-0.0%	0.0/unk	0.0%	0.0%-0.0%	0.0/unk	0.0%	0.0%-0.0%	0.0/unk	0.0%	0.0%-0.0%	0.0/unk	0.0%	0.0%-0.0%	0.0/unk	0.0%	0.0%-0.0%	0.0/unk	0.0%	0.0%-0.0%	0.0/39.0	0.0%	0.0%-0.0%	0.0/39.0	0.0%	0.0%-0.0%	0.0/unk	0.0%	0.0%-0.0%	0.0/35.0	0.0%	0.0%-0.0%	0.0/unk	0.0%	0.0%-0.0%	0.0/unk	0.0%	0.0%-0.0%	0.0/37.0	0.0%	0.0%-0.0%	0.0/39.0	0.0%	0.0%-0.0%	0.0/41.0	0.0%	0.0%-0.0%
Bukoba DC	2023	0.0/146.0	0.0%	0.0%-0.0%	0.0/146.0	0.0%	0.0%-0.0%	0.0/146.0	0.0%	0.0%-0.0%	0.0/146.0	0.0%	0.0%-0.0%	0.0/146.0	0.0%	0.0%-0.0%	0.0/146.0	0.0%	0.0%-0.0%	0.0/155.0	0.0%	0.0%-0.0%	0.0/144.0	0.0%	0.0%-0.0%	0.0/144.0	0.0%	0.0%-0.0%	0.0/144.0	0.0%	0.0%-0.0%	0.0/155.0	0.0%	0.0%-0.0%	0.0/155.0	0.0%	0.0%-0.0%	0.0/155.0	0.0%	0.0%-0.0%	0.0/155.0	0.0%	0.0%-0.0%	0.0/155.0	0.0%	0.0%-0.0%	1.0/155.0	0.6%	0.0%-1.7%	0.0/147.0	0.0%	0.0%-0.0%	1.0/147.0	0.7%	0.0%-1.8%	1.0/147.0	0.7%	0.0%-1.8%	0.0/147.0	0.0%	0.0%-0.0%	0.0/156.0	0.0%	0.0%-0.0%	0.0/153.0	0.0%	0.0%-0.0%	0.0/143.0	0.0%	0.0%-0.0%
Karagwe	2021	0.0/unk	0.0%	0.0%-0.0%	0.0/unk	0.0%	0.0%-0.0%	0.0/unk	0.0%	0.0%-0.0%	0.0/unk	0.0%	0.0%-0.0%	0.0/unk	0.0%	0.0%-0.0%	0.0/unk	0.0%	0.0%-0.0%	0.0/144.0	0.0%	0.0%-0.0%	0.0/unk	0.0%	0.0%-0.0%	0.0/unk	0.0%	0.0%-0.0%	0.0/unk	0.0%	0.0%-0.0%	0.0/unk	0.0%	0.0%-0.0%	0.0/unk	0.0%	0.0%-0.0%	0.0/unk	0.0%	0.0%-0.0%	0.0/unk	0.0%	0.0%-0.0%	0.0/146.0	0.0%	0.0%-0.0%	0.0/146.0	0.0%	0.0%-0.0%	0.0/unk	0.0%	0.0%-0.0%	31.0/136.0	22.8%	16.9%-28.7%	0.0/unk	0.0%	0.0%-0.0%	0.0/unk	0.0%	0.0%-0.0%	0.0/148.0	0.0%	0.0%-0.0%	0.0/148.0	0.0%	0.0%-0.0%	1.0/138.0	0.7%	0.0%-1.9%
Karagwe	2022	0.0/157.0	0.0%	0.0%-0.0%	0.0/157.0	0.0%	0.0%-0.0%	0.0/157.0	0.0%	0.0%-0.0%	0.0/157.0	0.0%	0.0%-0.0%	0.0/157.0	0.0%	0.0%-0.0%	0.0/157.0	0.0%	0.0%-0.0%	0.0/164.0	0.0%	0.0%-0.0%	0.0/157.0	0.0%	0.0%-0.0%	0.0/157.0	0.0%	0.0%-0.0%	0.0/157.0	0.0%	0.0%-0.0%	0.0/169.0	0.0%	0.0%-0.0%	0.0/169.0	0.0%	0.0%-0.0%	0.0/169.0	0.0%	0.0%-0.0%	0.0/169.0	0.0%	0.0%-0.0%	0.0/169.0	0.0%	0.0%-0.0%	0.0/169.0	0.0%	0.0%-0.0%	0.0/162.0	0.0%	0.0%-0.0%	37.0/162.0	22.8%	17.4%-28.3%	0.0/162.0	0.0%	0.0%-0.0%	0.0/162.0	0.0%	0.0%-0.0%	0.0/170.0	0.0%	0.0%-0.0%	0.0/166.0	0.0%	0.0%-0.0%	1.0/170.0	0.6%	0.0%-1.6%
Karagwe	2023	0.0/74.0	0.0%	0.0%-0.0%	0.0/74.0	0.0%	0.0%-0.0%	0.0/74.0	0.0%	0.0%-0.0%	0.0/74.0	0.0%	0.0%-0.0%	0.0/74.0	0.0%	0.0%-0.0%	1.0/74.0	1.4%	0.0%-3.6%	0.0/77.0	0.0%	0.0%-0.0%	0.0/73.0	0.0%	0.0%-0.0%	0.0/73.0	0.0%	0.0%-0.0%	0.0/73.0	0.0%	0.0%-0.0%	1.0/75.0	1.3%	0.0%-3.5%	0.0/75.0	0.0%	0.0%-0.0%	0.0/75.0	0.0%	0.0%-0.0%	0.0/75.0	0.0%	0.0%-0.0%	0.0/75.0	0.0%	0.0%-0.0%	0.0/75.0	0.0%	0.0%-0.0%	0.0/68.0	0.0%	0.0%-0.0%	16.0/68.0	23.5%	15.1%-32.0%	0.0/68.0	0.0%	0.0%-0.0%	0.0/68.0	0.0%	0.0%-0.0%	0.0/75.0	0.0%	0.0%-0.0%	0.0/74.0	0.0%	0.0%-0.0%	3.0/72.0	4.2%	0.3%-8.0%
Kyerwa	2021	0.0/unk	0.0%	0.0%-0.0%	0.0/unk	0.0%	0.0%-0.0%	0.0/unk	0.0%	0.0%-0.0%	0.0/unk	0.0%	0.0%-0.0%	0.0/unk	0.0%	0.0%-0.0%	0.0/unk	0.0%	0.0%-0.0%	0.0/129.0	0.0%	0.0%-0.0%	0.0/unk	0.0%	0.0%-0.0%	0.0/unk	0.0%	0.0%-0.0%	0.0/unk	0.0%	0.0%-0.0%	0.0/unk	0.0%	0.0%-0.0%	0.0/unk	0.0%	0.0%-0.0%	0.0/unk	0.0%	0.0%-0.0%	0.0/unk	0.0%	0.0%-0.0%	0.0/130.0	0.0%	0.0%-0.0%	0.0/130.0	0.0%	0.0%-0.0%	0.0/unk	0.0%	0.0%-0.0%	17.0/118.0	14.4%	9.1%-19.7%	0.0/unk	0.0%	0.0%-0.0%	0.0/unk	0.0%	0.0%-0.0%	0.0/125.0	0.0%	0.0%-0.0%	0.0/125.0	0.0%	0.0%-0.0%	0.0/121.0	0.0%	0.0%-0.0%
Kyerwa	2023	2.0/140.0	1.4%	0.0%-3.1%	0.0/140.0	0.0%	0.0%-0.0%	4.0/140.0	2.9%	0.5%-5.2%	0.0/140.0	0.0%	0.0%-0.0%	0.0/140.0	0.0%	0.0%-0.0%	0.0/140.0	0.0%	0.0%-0.0%	0.0/153.0	0.0%	0.0%-0.0%	0.0/145.0	0.0%	0.0%-0.0%	0.0/145.0	0.0%	0.0%-0.0%	0.0/145.0	0.0%	0.0%-0.0%	0.0/156.0	0.0%	0.0%-0.0%	1.0/156.0	0.6%	0.0%-1.7%	0.0/156.0	0.0%	0.0%-0.0%	1.0/156.0	0.6%	0.0%-1.7%	0.0/156.0	0.0%	0.0%-0.0%	1.0/156.0	0.6%	0.0%-1.7%	0.0/149.0	0.0%	0.0%-0.0%	26.0/149.0	17.4%	12.3%-22.6%	0.0/149.0	0.0%	0.0%-0.0%	0.0/149.0	0.0%	0.0%-0.0%	0.0/156.0	0.0%	0.0%-0.0%	0.0/151.0	0.0%	0.0%-0.0%	1.0/134.0	0.7%	0.0%-2.0%
Misenyi	2021	0.0/unk	0.0%	0.0%-0.0%	0.0/unk	0.0%	0.0%-0.0%	0.0/unk	0.0%	0.0%-0.0%	0.0/unk	0.0%	0.0%-0.0%	0.0/unk	0.0%	0.0%-0.0%	0.0/unk	0.0%	0.0%-0.0%	0.0/26.0	0.0%	0.0%-0.0%	0.0/unk	0.0%	0.0%-0.0%	0.0/unk	0.0%	0.0%-0.0%	0.0/unk	0.0%	0.0%-0.0%	0.0/unk	0.0%	0.0%-0.0%	0.0/unk	0.0%	0.0%-0.0%	0.0/unk	0.0%	0.0%-0.0%	0.0/unk	0.0%	0.0%-0.0%	0.0/24.0	0.0%	0.0%-0.0%	0.0/24.0	0.0%	0.0%-0.0%	0.0/unk	0.0%	0.0%-0.0%	0.0/24.0	0.0%	0.0%-0.0%	0.0/unk	0.0%	0.0%-0.0%	0.0/unk	0.0%	0.0%-0.0%	0.0/25.0	0.0%	0.0%-0.0%	0.0/26.0	0.0%	0.0%-0.0%	0.0/26.0	0.0%	0.0%-0.0%
Misenyi	2023	3.0/95.0	3.2%	0.2%-6.1%	0.0/95.0	0.0%	0.0%-0.0%	0.0/95.0	0.0%	0.0%-0.0%	0.0/95.0	0.0%	0.0%-0.0%	0.0/95.0	0.0%	0.0%-0.0%	0.0/95.0	0.0%	0.0%-0.0%	0.0/101.0	0.0%	0.0%-0.0%	0.0/100.0	0.0%	0.0%-0.0%	0.0/100.0	0.0%	0.0%-0.0%	0.0/100.0	0.0%	0.0%-0.0%	0.0/104.0	0.0%	0.0%-0.0%	0.0/104.0	0.0%	0.0%-0.0%	0.0/104.0	0.0%	0.0%-0.0%	0.0/104.0	0.0%	0.0%-0.0%	0.0/104.0	0.0%	0.0%-0.0%	0.0/104.0	0.0%	0.0%-0.0%	0.0/98.0	0.0%	0.0%-0.0%	0.0/98.0	0.0%	0.0%-0.0%	0.0/98.0	0.0%	0.0%-0.0%	0.0/98.0	0.0%	0.0%-0.0%	0.0/102.0	0.0%	0.0%-0.0%	1.0/101.0	1.0%	0.0%-2.6%	0.0/97.0	0.0%	0.0%-0.0%
Muleba	2021	0.0/unk	0.0%	0.0%-0.0%	0.0/unk	0.0%	0.0%-0.0%	0.0/unk	0.0%	0.0%-0.0%	0.0/unk	0.0%	0.0%-0.0%	0.0/unk	0.0%	0.0%-0.0%	0.0/unk	0.0%	0.0%-0.0%	0.0/183.0	0.0%	0.0%-0.0%	0.0/unk	0.0%	0.0%-0.0%	0.0/unk	0.0%	0.0%-0.0%	0.0/unk	0.0%	0.0%-0.0%	0.0/unk	0.0%	0.0%-0.0%	0.0/unk	0.0%	0.0%-0.0%	0.0/unk	0.0%	0.0%-0.0%	0.0/unk	0.0%	0.0%-0.0%	0.0/184.0	0.0%	0.0%-0.0%	0.0/184.0	0.0%	0.0%-0.0%	0.0/unk	0.0%	0.0%-0.0%	0.0/171.0	0.0%	0.0%-0.0%	0.0/unk	0.0%	0.0%-0.0%	0.0/unk	0.0%	0.0%-0.0%	0.0/182.0	0.0%	0.0%-0.0%	0.0/183.0	0.0%	0.0%-0.0%	0.0/173.0	0.0%	0.0%-0.0%
Muleba	2022	0.0/67.0	0.0%	0.0%-0.0%	0.0/67.0	0.0%	0.0%-0.0%	0.0/67.0	0.0%	0.0%-0.0%	0.0/67.0	0.0%	0.0%-0.0%	0.0/67.0	0.0%	0.0%-0.0%	0.0/67.0	0.0%	0.0%-0.0%	0.0/83.0	0.0%	0.0%-0.0%	0.0/77.0	0.0%	0.0%-0.0%	0.0/77.0	0.0%	0.0%-0.0%	0.0/77.0	0.0%	0.0%-0.0%	0.0/82.0	0.0%	0.0%-0.0%	0.0/82.0	0.0%	0.0%-0.0%	0.0/82.0	0.0%	0.0%-0.0%	0.0/82.0	0.0%	0.0%-0.0%	0.0/82.0	0.0%	0.0%-0.0%	0.0/82.0	0.0%	0.0%-0.0%	0.0/69.0	0.0%	0.0%-0.0%	7.0/69.0	10.1%	4.2%-16.1%	0.0/69.0	0.0%	0.0%-0.0%	0.0/69.0	0.0%	0.0%-0.0%	0.0/80.0	0.0%	0.0%-0.0%	0.0/84.0	0.0%	0.0%-0.0%	0.0/85.0	0.0%	0.0%-0.0%
Muleba	2023	0.0/201.0	0.0%	0.0%-0.0%	0.0/201.0	0.0%	0.0%-0.0%	0.0/201.0	0.0%	0.0%-0.0%	0.0/201.0	0.0%	0.0%-0.0%	0.0/201.0	0.0%	0.0%-0.0%	0.0/201.0	0.0%	0.0%-0.0%	0.0/221.0	0.0%	0.0%-0.0%	0.0/211.0	0.0%	0.0%-0.0%	0.0/211.0	0.0%	0.0%-0.0%	0.0/211.0	0.0%	0.0%-0.0%	0.0/229.0	0.0%	0.0%-0.0%	0.0/229.0	0.0%	0.0%-0.0%	1.0/229.0	0.4%	0.0%-1.2%	1.0/229.0	0.4%	0.0%-1.2%	0.0/229.0	0.0%	0.0%-0.0%	0.0/229.0	0.0%	0.0%-0.0%	0.0/220.0	0.0%	0.0%-0.0%	11.0/220.0	5.0%	2.6%-7.4%	0.0/220.0	0.0%	0.0%-0.0%	1.0/220.0	0.5%	0.0%-1.2%	0.0/233.0	0.0%	0.0%-0.0%	0.0/216.0	0.0%	0.0%-0.0%	1.0/199.0	0.5%	0.0%-1.3%
Ngara	2021	0.0/unk	0.0%	0.0%-0.0%	0.0/unk	0.0%	0.0%-0.0%	0.0/unk	0.0%	0.0%-0.0%	0.0/unk	0.0%	0.0%-0.0%	0.0/unk	0.0%	0.0%-0.0%	0.0/unk	0.0%	0.0%-0.0%	0.0/173.0	0.0%	0.0%-0.0%	0.0/unk	0.0%	0.0%-0.0%	0.0/unk	0.0%	0.0%-0.0%	0.0/unk	0.0%	0.0%-0.0%	0.0/unk	0.0%	0.0%-0.0%	0.0/unk	0.0%	0.0%-0.0%	0.0/unk	0.0%	0.0%-0.0%	0.0/unk	0.0%	0.0%-0.0%	0.0/174.0	0.0%	0.0%-0.0%	0.0/174.0	0.0%	0.0%-0.0%	0.0/unk	0.0%	0.0%-0.0%	2.0/144.0	1.4%	0.0%-3.0%	0.0/unk	0.0%	0.0%-0.0%	0.0/unk	0.0%	0.0%-0.0%	0.0/170.0	0.0%	0.0%-0.0%	0.0/167.0	0.0%	0.0%-0.0%	0.0/160.0	0.0%	0.0%-0.0%
Ngara	2022	0.0/90.0	0.0%	0.0%-0.0%	0.0/90.0	0.0%	0.0%-0.0%	0.0/90.0	0.0%	0.0%-0.0%	0.0/90.0	0.0%	0.0%-0.0%	0.0/90.0	0.0%	0.0%-0.0%	0.0/90.0	0.0%	0.0%-0.0%	0.0/94.0	0.0%	0.0%-0.0%	0.0/89.0	0.0%	0.0%-0.0%	0.0/89.0	0.0%	0.0%-0.0%	0.0/89.0	0.0%	0.0%-0.0%	1.0/96.0	1.0%	0.0%-2.7%	0.0/96.0	0.0%	0.0%-0.0%	0.0/96.0	0.0%	0.0%-0.0%	0.0/96.0	0.0%	0.0%-0.0%	0.0/96.0	0.0%	0.0%-0.0%	0.0/96.0	0.0%	0.0%-0.0%	0.0/83.0	0.0%	0.0%-0.0%	1.0/83.0	1.2%	0.0%-3.2%	1.0/83.0	1.2%	0.0%-3.2%	1.0/83.0	1.2%	0.0%-3.2%	0.0/95.0	0.0%	0.0%-0.0%	0.0/98.0	0.0%	0.0%-0.0%	0.0/94.0	0.0%	0.0%-0.0%
Ngara	2023	0.0/223.0	0.0%	0.0%-0.0%	0.0/223.0	0.0%	0.0%-0.0%	0.0/223.0	0.0%	0.0%-0.0%	0.0/223.0	0.0%	0.0%-0.0%	0.0/223.0	0.0%	0.0%-0.0%	0.0/223.0	0.0%	0.0%-0.0%	0.0/246.0	0.0%	0.0%-0.0%	0.0/233.0	0.0%	0.0%-0.0%	0.0/233.0	0.0%	0.0%-0.0%	0.0/233.0	0.0%	0.0%-0.0%	0.0/251.0	0.0%	0.0%-0.0%	0.0/251.0	0.0%	0.0%-0.0%	0.0/251.0	0.0%	0.0%-0.0%	0.0/251.0	0.0%	0.0%-0.0%	0.0/251.0	0.0%	0.0%-0.0%	0.0/251.0	0.0%	0.0%-0.0%	0.0/236.0	0.0%	0.0%-0.0%	7.0/236.0	3.0%	1.1%-4.8%	0.0/236.0	0.0%	0.0%-0.0%	1.0/236.0	0.4%	0.0%-1.1%	0.0/250.0	0.0%	0.0%-0.0%	0.0/242.0	0.0%	0.0%-0.0%	0.0/224.0	0.0%	0.0%-0.0%
